{
  "Li": {
    "epsilon": 0.00011884929615156104,
    "sigma": 2.2415011748410936
  },
  "Na": {
    "epsilon": 0.0011443043742500188,
    "sigma": 2.5907334723521065
  },
  "K": {
    "epsilon": 0.0055040382958084725,
    "sigma": 2.998765085260382
  },
  "Rb": {
    "epsilon": 0.008960668723948352,
    "sigma": 3.192981005814976
  },
  "Cs": {
    "epsilon": 0.015034737974310267,
    "sigma": 3.4798503930561653
  },
  "F": {
    "epsilon": 0.009920532966770708,
    "sigma": 3.2410895365945542
  },
  "Cl": {
    "epsilon": 0.027910343472532066,
    "sigma": 4.112388482935805
  },
  "Br": {
    "epsilon": 0.03227630190217819,
    "sigma": 4.401039667613277
  },
  "I": {
    "epsilon": 0.03767096013259918,
    "sigma": 4.9355788984974795
  }
}
